{"train_time": 13.664289236068726, "round": 2, "_timestamp": 1703038560.1455173, "train_loss": 0.02909235384212873, "train_accuracy": 0.9916944444444444, "train_f1_score": 0.9916839111286012, "val_loss": 0.04770396200028506, "val_accuracy": 0.98575, "val_f1_score": 0.9857297434103321, "test_loss": 0.050020733441998984, "test_accuracy": 0.9841666666666666, "f1_score": 0.9841477224124242, "_runtime": 62.297468423843384, "_step": 2, "Data Lable Histogram_table": {"_type": "table-file", "sha256": "fd3b7810f17ca1b58ba036af7e338860de0d0ac261da63c976a09b81e3002a2c", "size": 155, "artifact_path": "wandb-client-artifact://ghlcryi0utaqbds91ta5zkuue1z6vke20crtb77l1cgprkoz075vxclxz5fqljl8wj5qa2btcj12zllsj9u3l5xslxbl5r0777s1jg48uek2vxbyulggcic3zbshey93:latest/Data Lable Histogram_table.table.json", "_latest_artifact_path": "wandb-client-artifact://ghlcryi0utaqbds91ta5zkuue1z6vke20crtb77l1cgprkoz075vxclxz5fqljl8wj5qa2btcj12zllsj9u3l5xslxbl5r0777s1jg48uek2vxbyulggcic3zbshey93:latest/Data Lable Histogram_table.table.json", "path": "media/table/Data Lable Histogram_table_2_fd3b7810f17ca1b58ba0.table.json", "ncols": 2, "nrows": 10}, "_wandb": {"runtime": 61}}