{"train_time": 19.60069704055786, "round": 3, "_timestamp": 1701590449.0655563, "train_loss": 2.267279129839958, "train_accuracy": 0.4006, "train_f1_score": NaN, "val_loss": 2.755741973466511, "val_accuracy": 0.3158, "val_f1_score": NaN, "test_loss": 2.7663686305661743, "test_accuracy": 0.3084, "f1_score": NaN, "_runtime": 103.99928021430969, "_step": 3, "Data Lable Histogram_table": {"_type": "table-file", "sha256": "449739fd21716372ce192966332e2c763b3fc283402e881c87426dbd80be6c51", "size": 1135, "artifact_path": "wandb-client-artifact://hma78rbnhelniqk5hwzc1foym8805nt5unl1u8md207l3ud6pexhhkj1udvkzz2vydub420yicu2ms07yd5ifej14r4bo1jaayw8tshofj411zautfvyaoguviv00fxm:latest/Data Lable Histogram_table.table.json", "_latest_artifact_path": "wandb-client-artifact://hma78rbnhelniqk5hwzc1foym8805nt5unl1u8md207l3ud6pexhhkj1udvkzz2vydub420yicu2ms07yd5ifej14r4bo1jaayw8tshofj411zautfvyaoguviv00fxm:latest/Data Lable Histogram_table.table.json", "path": "media/table/Data Lable Histogram_table_3_449739fd21716372ce19.table.json", "ncols": 2, "nrows": 100}, "_wandb": {"runtime": 103}}