{"train_time": 19.56655192375183, "round": 3, "_timestamp": 1701602328.6491742, "train_loss": 0.8679539528298885, "train_accuracy": 0.7514, "train_f1_score": NaN, "val_loss": 3.4958144109460374, "val_accuracy": 0.3289, "val_f1_score": NaN, "test_loss": 3.4826334398004075, "test_accuracy": 0.3319, "f1_score": NaN, "_runtime": 101.85612225532532, "_step": 3, "Data Lable Histogram_table": {"_type": "table-file", "sha256": "449739fd21716372ce192966332e2c763b3fc283402e881c87426dbd80be6c51", "size": 1135, "artifact_path": "wandb-client-artifact://4n9zmfrb07ax2x3hjvfh293d0nw1hf3lrj8r7vhy017rbo87nemr6613i03dp6i9uwvdmmhtcjidomf1lxpegv8nmc3l5m75qevpuayp1nqe6wvoac55yr4g8iha6wsj:latest/Data Lable Histogram_table.table.json", "_latest_artifact_path": "wandb-client-artifact://4n9zmfrb07ax2x3hjvfh293d0nw1hf3lrj8r7vhy017rbo87nemr6613i03dp6i9uwvdmmhtcjidomf1lxpegv8nmc3l5m75qevpuayp1nqe6wvoac55yr4g8iha6wsj:latest/Data Lable Histogram_table.table.json", "path": "media/table/Data Lable Histogram_table_3_449739fd21716372ce19.table.json", "ncols": 2, "nrows": 100}, "_wandb": {"runtime": 101}}