{"train_time": 24.77117896080017, "round": 5, "_timestamp": 1701651643.6090822, "train_loss": 0.015499746033857644, "train_accuracy": 0.9953055555555556, "train_f1_score": 0.9953045249801047, "val_loss": 0.07069418672859258, "val_accuracy": 0.9859166666666667, "val_f1_score": 0.9859054196213028, "test_loss": 0.04219219344637129, "test_accuracy": 0.99025, "f1_score": 0.9902438048700627, "_runtime": 791.3876283168793, "_step": 5, "Data Lable Histogram_table": {"_type": "table-file", "sha256": "fd3b7810f17ca1b58ba036af7e338860de0d0ac261da63c976a09b81e3002a2c", "size": 155, "artifact_path": "wandb-client-artifact://t9bg32xxg4kvh3wkijv12jhfnc75jn5mwkq7xj6xnvas2lgu33ttq7k68ejv3zrzu5kasho1klzcprs3zecr3b3bvdijc5onhmjgaobxxdm77x8d6d8iu1zsce0t699d:latest/Data Lable Histogram_table.table.json", "_latest_artifact_path": "wandb-client-artifact://t9bg32xxg4kvh3wkijv12jhfnc75jn5mwkq7xj6xnvas2lgu33ttq7k68ejv3zrzu5kasho1klzcprs3zecr3b3bvdijc5onhmjgaobxxdm77x8d6d8iu1zsce0t699d:latest/Data Lable Histogram_table.table.json", "path": "media/table/Data Lable Histogram_table_5_fd3b7810f17ca1b58ba0.table.json", "ncols": 2, "nrows": 10}, "_wandb": {"runtime": 790}}