{"train_time": 25.914721727371216, "round": 5, "_timestamp": 1701648960.996986, "train_loss": 0.0016700692497737472, "train_accuracy": 0.9995, "train_f1_score": 0.9994999884386612, "val_loss": 0.04377020351615856, "val_accuracy": 0.9906666666666667, "val_f1_score": 0.9906591834084043, "test_loss": 0.04994608236700786, "test_accuracy": 0.9910833333333333, "f1_score": 0.9910806681896529, "_runtime": 277.76361179351807, "_step": 5, "Data Lable Histogram_table": {"_type": "table-file", "sha256": "fd3b7810f17ca1b58ba036af7e338860de0d0ac261da63c976a09b81e3002a2c", "size": 155, "artifact_path": "wandb-client-artifact://wter34ymvl3mefsyfc7tkq63ei18uw8c18b39bsr0ji6zb1l8wkfgfu7isy52hta1forbcipspwxxiy08qsmwrczv7gm4jtvwhawnkope2ua4z69t6t0tj3j2r9ixdnh:latest/Data Lable Histogram_table.table.json", "_latest_artifact_path": "wandb-client-artifact://wter34ymvl3mefsyfc7tkq63ei18uw8c18b39bsr0ji6zb1l8wkfgfu7isy52hta1forbcipspwxxiy08qsmwrczv7gm4jtvwhawnkope2ua4z69t6t0tj3j2r9ixdnh:latest/Data Lable Histogram_table.table.json", "path": "media/table/Data Lable Histogram_table_5_fd3b7810f17ca1b58ba0.table.json", "ncols": 2, "nrows": 10}, "_wandb": {"runtime": 276}}