{"train_time": 19.690838098526, "round": 3, "_timestamp": 1701603958.9962933, "train_loss": 0.5378596257656179, "train_accuracy": 0.8337, "train_f1_score": NaN, "val_loss": 4.842478329622293, "val_accuracy": 0.31, "val_f1_score": NaN, "test_loss": 4.626487511622755, "test_accuracy": 0.328, "f1_score": NaN, "_runtime": 1010.8431513309479, "_step": 4, "Data Lable Histogram_table": {"_type": "table-file", "sha256": "449739fd21716372ce192966332e2c763b3fc283402e881c87426dbd80be6c51", "size": 1135, "artifact_path": "wandb-client-artifact://wlj0mptsxgrqkloftdsdmw1prudfeslzxtrl4ix2xow69xx0kgm8ibpae93oiqblh0nd9k4uvezb7g7ihvo2fwf1yvjx6znp57ppkpb6swg5p8y5jfsooh60u9d5xq16:latest/Data Lable Histogram_table.table.json", "_latest_artifact_path": "wandb-client-artifact://wlj0mptsxgrqkloftdsdmw1prudfeslzxtrl4ix2xow69xx0kgm8ibpae93oiqblh0nd9k4uvezb7g7ihvo2fwf1yvjx6znp57ppkpb6swg5p8y5jfsooh60u9d5xq16:latest/Data Lable Histogram_table.table.json", "path": "media/table/Data Lable Histogram_table_3_449739fd21716372ce19.table.json", "ncols": 2, "nrows": 100}, "operation_time": 1004.329699754715, "gl_model_v": 4, "_wandb": {"runtime": 1010}}