{"train_time": 19.528074502944946, "round": 3, "_timestamp": 1701554360.9915917, "train_loss": 2.2541351019067966, "train_accuracy": 0.4030666666666667, "train_f1_score": NaN, "val_loss": 2.7831261520144306, "val_accuracy": 0.3091, "val_f1_score": NaN, "test_loss": 2.7621680301955984, "test_accuracy": 0.3127, "f1_score": NaN, "_runtime": 104.03878259658813, "_step": 3, "Data Lable Histogram_table": {"_type": "table-file", "sha256": "449739fd21716372ce192966332e2c763b3fc283402e881c87426dbd80be6c51", "size": 1135, "artifact_path": "wandb-client-artifact://q8ui67a03k9uryfau4bg5l5q0vrbdmgvdbiza88sdyb8s5t027zvaxj6c8wmo1whrfz9q3x7f9qxusi6ghigx76zbgnp60runc73jphlk6cv3o886efg9em1x2l3ho4e:latest/Data Lable Histogram_table.table.json", "_latest_artifact_path": "wandb-client-artifact://q8ui67a03k9uryfau4bg5l5q0vrbdmgvdbiza88sdyb8s5t027zvaxj6c8wmo1whrfz9q3x7f9qxusi6ghigx76zbgnp60runc73jphlk6cv3o886efg9em1x2l3ho4e:latest/Data Lable Histogram_table.table.json", "path": "media/table/Data Lable Histogram_table_3_449739fd21716372ce19.table.json", "ncols": 2, "nrows": 100}, "_wandb": {"runtime": 103}}