{"train_time": 19.13703465461731, "round": 3, "_timestamp": 1701565492.6702833, "train_loss": 1.5067659438924585, "train_accuracy": 0.5816666666666667, "train_f1_score": NaN, "val_loss": 2.884856540945512, "val_accuracy": 0.3348, "val_f1_score": NaN, "test_loss": 2.8602480948725835, "test_accuracy": 0.3429, "f1_score": NaN, "_runtime": 98.10006141662598, "_step": 3, "Data Lable Histogram_table": {"_type": "table-file", "sha256": "449739fd21716372ce192966332e2c763b3fc283402e881c87426dbd80be6c51", "size": 1135, "artifact_path": "wandb-client-artifact://ddj6b5ifi3pzaavnn0dv5id36u722w1tjgy38qxih3viyqxj4gi2rrpy8qv3v25y3bp24cduxnri2ds2463kfpr9zdd1kg8i5czcz6motqop51tzs0esr1tcs6gfssu2:latest/Data Lable Histogram_table.table.json", "_latest_artifact_path": "wandb-client-artifact://ddj6b5ifi3pzaavnn0dv5id36u722w1tjgy38qxih3viyqxj4gi2rrpy8qv3v25y3bp24cduxnri2ds2463kfpr9zdd1kg8i5czcz6motqop51tzs0esr1tcs6gfssu2:latest/Data Lable Histogram_table.table.json", "path": "media/table/Data Lable Histogram_table_3_449739fd21716372ce19.table.json", "ncols": 2, "nrows": 100}, "_wandb": {"runtime": 97}}