{"train_time": 20.74091672897339, "round": 3, "_timestamp": 1701426492.181038, "train_loss": 2.243675679348885, "train_accuracy": 0.41026666666666667, "train_f1_score": NaN, "val_loss": 2.7295447090004066, "val_accuracy": 0.3212, "val_f1_score": NaN, "test_loss": 2.716791457767728, "test_accuracy": 0.3217, "f1_score": NaN, "_runtime": 107.2174940109253, "_step": 3, "Data Lable Histogram_table": {"_type": "table-file", "sha256": "449739fd21716372ce192966332e2c763b3fc283402e881c87426dbd80be6c51", "size": 1135, "artifact_path": "wandb-client-artifact://kbjvafyqqes8m5rrlt8sy5nebtj2mpizrtbl2xws8j3pkdeu59nrechdy0z5i3o54xfjd2jvgnblgfdshzb7zhda393uq8q2q37hbqad9i9pycw3luyvxqnkhlnkh9tj:latest/Data Lable Histogram_table.table.json", "_latest_artifact_path": "wandb-client-artifact://kbjvafyqqes8m5rrlt8sy5nebtj2mpizrtbl2xws8j3pkdeu59nrechdy0z5i3o54xfjd2jvgnblgfdshzb7zhda393uq8q2q37hbqad9i9pycw3luyvxqnkhlnkh9tj:latest/Data Lable Histogram_table.table.json", "path": "media/table/Data Lable Histogram_table_3_449739fd21716372ce19.table.json", "ncols": 2, "nrows": 100}, "_wandb": {"runtime": 106}}